{"cameraMode":{"drawMode":0,"name":"Shaded","section":"Shading Mode"},"sceneLighting":true,"audioPlay":false,"sceneViewState":{"showFog":true,"showMaterialUpdate":false,"showSkybox":true,"showFlares":true,"showImageEffects":true,"showParticleSystems":true},"in2DMode":false,"pivot":{"x":-1.940727949142456,"y":0.6962184906005859,"z":-6.313700199127197},"rotation":{"x":-0.05118737369775772,"y":-0.06228182464838028,"z":0.0031981293577700855,"w":-0.9967399835586548},"size":7.49737548828125,"orthographic":false}